id,title,url,this_url,owner_id,group_id,permission,created_time,updated_time,parent_url,type
1,root,"",,,,0,2022-12-27 03:34:36.000000 +00:00,2022-12-27 03:34:36.000000 +00:00,,folder
2,post,/post,,1,,711,2022-12-27 03:34:36.000000 +00:00,2022-12-27 03:34:36.000000 +00:00,"",folder
3,draft,/draft,,1,,700,2022-12-27 03:34:36.000000 +00:00,2022-12-27 03:34:36.000000 +00:00,"",folder
7,C++ ctor & dtor,/post/75db31ad-a263-4e01-b4bd-e5382bd619bc,/75db31ad-a263-4e01-b4bd-e5382bd619bc,1,,701,2022-12-27 03:40:10.000000 +00:00,2022-12-27 03:40:31.000000 +00:00,/post,content
8,周赛第一次AK,/post/c0c71490-101a-43ce-8788-88125d521379,/c0c71490-101a-43ce-8788-88125d521379,1,,701,2022-12-27 03:40:41.000000 +00:00,2022-12-27 03:40:57.000000 +00:00,/post,content
11,notitle-22-12-29,/post/b33dd01a-1ce9-41dd-a1be-ac1166b12375,/b33dd01a-1ce9-41dd-a1be-ac1166b12375,1,,701,2022-12-29 08:22:42.000000 +00:00,2022-12-29 08:28:03.000000 +00:00,/post,content
13,坑中坑之反向代理,/post/564d2d6e-eab5-45dd-a1a8-2aeb0446b6c4,/564d2d6e-eab5-45dd-a1a8-2aeb0446b6c4,1,,701,2023-01-03 04:23:17.000000 +00:00,2023-01-03 04:28:56.000000 +00:00,/post,content
44,更新docker-compose,/post/c80a24aa-b9cd-4f86-a266-784f6381ba8f,/c80a24aa-b9cd-4f86-a266-784f6381ba8f,1,,701,2023-01-09 16:23:50.000000 +00:00,2023-01-09 16:53:57.000000 +00:00,/post,content
18,2023/01/08 硬盘速度变的巨慢,/post/aa3b2e96-3b68-4f55-bbf3-314a13669431,/aa3b2e96-3b68-4f55-bbf3-314a13669431,1,,701,2023-01-07 21:29:53.000000 +00:00,2023-03-08 20:57:56.203679 +00:00,/post,content
47,Mysql迁移到Postgresql,/post/a1dc5bae-ce05-4365-9af7-a346a5d1e1d3,/a1dc5bae-ce05-4365-9af7-a346a5d1e1d3,1,,701,2023-01-26 07:55:41.085932 +00:00,2023-02-27 13:22:56.393420 +00:00,/post,content
56,2023/01/27,/post/7e758e75-cb36-452b-be83-5c8bd228ca38,/7e758e75-cb36-452b-be83-5c8bd228ca38,1,,701,2023-01-27 01:12:54.395211 +00:00,2023-02-27 13:23:02.675912 +00:00,/post,content
306,邮箱被爆破啦,/post/859782b9-a3a7-43b0-a645-710051520b36,/859782b9-a3a7-43b0-a645-710051520b36,1,,701,2023-03-01 18:37:02.491168 +00:00,2023-03-01 18:39:32.453554 +00:00,/post,content
4,Update Log,/post/a2847358-8253-4416-b976-761f3a200cea,/a2847358-8253-4416-b976-761f3a200cea,1,,701,2022-12-27 03:37:39.000000 +00:00,2023-03-02 14:22:22.290409 +00:00,/post,content
6,千奇百怪的漫长旅行,/post/c405251b-c989-4aea-be09-13c03ed2fc96,/c405251b-c989-4aea-be09-13c03ed2fc96,1,,701,2022-12-27 03:39:45.000000 +00:00,2023-02-28 18:57:36.316440 +00:00,/post,content
10,澳洲搬砖之搬后感,/post/cd15b2be-5e1c-479f-b4aa-9457dfe753e4,/cd15b2be-5e1c-479f-b4aa-9457dfe753e4,1,,701,2022-12-28 02:54:28.000000 +00:00,2023-02-28 18:59:37.839583 +00:00,/post,content
351,异步咖喱鸡(30分钟准时出锅),/post/b1e37e12-8fb8-465c-b991-b99d91700c5d,/b1e37e12-8fb8-465c-b991-b99d91700c5d,1,,701,2023-03-09 17:04:52.496526 +00:00,2023-03-10 22:33:04.925118 +00:00,/post,content
5,更新感想,/post/dea56261-5d20-4195-af2f-a51a5766015a,/dea56261-5d20-4195-af2f-a51a5766015a,1,,701,2022-12-27 03:38:48.000000 +00:00,2023-03-05 16:50:34.781360 +00:00,/post,content
328,nginx四层代理获取真实ip,/post/e57b8dba-d780-4f46-be95-57a5afcdfc3b,/e57b8dba-d780-4f46-be95-57a5afcdfc3b,1,,701,2023-03-05 19:21:38.864818 +00:00,2023-03-05 19:25:23.707247 +00:00,/post,content
12,新坑之Bad Proxy(私有协议代理),/post/5a47152c-ff26-47ff-88dc-c5ecf531ebd7,/5a47152c-ff26-47ff-88dc-c5ecf531ebd7,1,,701,2022-12-31 19:15:02.000000 +00:00,2023-02-09 15:23:50.614190 +00:00,/post,content
372,AC自动机，用来匹配路由,/post/bb7953ac-926e-43c6-8cb3-092584f8bfaa,/bb7953ac-926e-43c6-8cb3-092584f8bfaa,1,,701,2023-04-27 11:20:45.329305 +00:00,2023-04-28 00:02:05.680842 +00:00,/post,content
373,Bad proxy 2.0,/post/f75e2ea1-dbec-4f98-b97e-ba60133c33ba,/f75e2ea1-dbec-4f98-b97e-ba60133c33ba,1,,701,2023-04-27 11:29:18.039588 +00:00,2023-04-28 21:13:31.613695 +00:00,/post,content
377,密码学中的一些数学基础,/post/1ff0519d-3433-4349-b866-1808a2a76779,/1ff0519d-3433-4349-b866-1808a2a76779,1,,701,2023-05-05 16:17:51.997275 +00:00,2023-05-05 16:19:59.799134 +00:00,/post,content
429,纠结,/draft/be0c8219-88c2-4823-90af-65ee41d22579,/be0c8219-88c2-4823-90af-65ee41d22579,1,,700,2024-04-14 15:51:14.176588 +00:00,2024-04-14 15:52:20.975942 +00:00,/draft,content
370,警察故事三则,/draft/ed03ebc9-02a5-4aa0-87e8-eb7d9a179a7d,/ed03ebc9-02a5-4aa0-87e8-eb7d9a179a7d,1,,700,2023-03-31 20:03:14.751801 +00:00,2023-05-30 13:06:06.192115 +00:00,/draft,content
384,白居易诗摘二首,/draft/f23bd99a-fb56-48a0-8ef2-5548f6f7f2f9,/f23bd99a-fb56-48a0-8ef2-5548f6f7f2f9,1,,700,2023-05-28 19:51:32.357034 +00:00,2023-05-28 20:00:07.591941 +00:00,/draft,content
385,格言二则,/post/82971724-14e0-44f6-8e40-0efb3f22db46,/82971724-14e0-44f6-8e40-0efb3f22db46,1,,701,2023-06-05 16:44:09.620540 +00:00,2023-06-05 16:53:47.368575 +00:00,/post,content
431,GF256上求逆元,/post/fcc33c9a-c0b7-4740-aced-72ce74c47993,/fcc33c9a-c0b7-4740-aced-72ce74c47993,1,,701,2024-09-29 14:48:18.166670 +00:00,2024-11-24 22:23:21.308460 +00:00,/post,content
428,Ring Buffer,/post/90728dda-2b5a-4dad-ad87-7da7c5b9914f,/90728dda-2b5a-4dad-ad87-7da7c5b9914f,1,,701,2024-04-11 22:20:58.956222 +00:00,2024-12-29 23:45:29.563652 +00:00,/post,content
